[
  {
    "model": "admin.logentry",
    "pk": 1,
    "fields": {
      "action_time": "2021-07-07T15:42:06.171",
      "user": 1,
      "content_type": 9,
      "object_id": "3",
      "object_repr": "Basket object (3)",
      "action_flag": 3,
      "change_message": ""
    }
  },
  {
    "model": "admin.logentry",
    "pk": 2,
    "fields": {
      "action_time": "2021-07-07T15:42:06.314",
      "user": 1,
      "content_type": 9,
      "object_id": "2",
      "object_repr": "Basket object (2)",
      "action_flag": 3,
      "change_message": ""
    }
  },
  {
    "model": "admin.logentry",
    "pk": 3,
    "fields": {
      "action_time": "2021-07-07T15:42:06.418",
      "user": 1,
      "content_type": 9,
      "object_id": "1",
      "object_repr": "Basket object (1)",
      "action_flag": 3,
      "change_message": ""
    }
  },
  {
    "model": "admin.logentry",
    "pk": 4,
    "fields": {
      "action_time": "2021-07-10T18:15:54.374",
      "user": 1,
      "content_type": 7,
      "object_id": "1",
      "object_repr": "Красный стул",
      "action_flag": 2,
      "change_message": "[{\"changed\": {\"fields\": [\"\\u041e\\u043f\\u0438\\u0441\\u0430\\u043d\\u0438\\u0435\"]}}]"
    }
  },
  {
    "model": "admin.logentry",
    "pk": 5,
    "fields": {
      "action_time": "2021-07-10T18:27:00.234",
      "user": 1,
      "content_type": 7,
      "object_id": "10",
      "object_repr": "Отличный стул",
      "action_flag": 2,
      "change_message": "[{\"changed\": {\"fields\": [\"\\u0418\\u0437\\u043e\\u0431\\u0440\\u0430\\u0436\\u0435\\u043d\\u0438\\u0435\"]}}]"
    }
  },
  {
    "model": "admin.logentry",
    "pk": 6,
    "fields": {
      "action_time": "2021-07-10T18:28:17.211",
      "user": 1,
      "content_type": 7,
      "object_id": "6",
      "object_repr": "Лампа стоять",
      "action_flag": 2,
      "change_message": "[{\"changed\": {\"fields\": [\"\\u0418\\u0437\\u043e\\u0431\\u0440\\u0430\\u0436\\u0435\\u043d\\u0438\\u0435\"]}}]"
    }
  },
  {
    "model": "admin.logentry",
    "pk": 7,
    "fields": {
      "action_time": "2021-07-10T18:28:36.524",
      "user": 1,
      "content_type": 7,
      "object_id": "12",
      "object_repr": "Кресло из белой кожи носорога",
      "action_flag": 2,
      "change_message": "[{\"changed\": {\"fields\": [\"\\u0418\\u0437\\u043e\\u0431\\u0440\\u0430\\u0436\\u0435\\u043d\\u0438\\u0435\"]}}]"
    }
  },
  {
    "model": "admin.logentry",
    "pk": 8,
    "fields": {
      "action_time": "2021-07-10T18:30:05.956",
      "user": 1,
      "content_type": 7,
      "object_id": "10",
      "object_repr": "Отличный стул 2",
      "action_flag": 2,
      "change_message": "[{\"changed\": {\"fields\": [\"\\u0418\\u043c\\u044f \\u043f\\u0440\\u043e\\u0434\\u0443\\u043a\\u0442\\u0430\"]}}]"
    }
  },
  {
    "model": "admin.logentry",
    "pk": 9,
    "fields": {
      "action_time": "2021-07-10T18:30:19.874",
      "user": 1,
      "content_type": 7,
      "object_id": "4",
      "object_repr": "Отличный стул",
      "action_flag": 2,
      "change_message": "[{\"changed\": {\"fields\": [\"\\u0418\\u0437\\u043e\\u0431\\u0440\\u0430\\u0436\\u0435\\u043d\\u0438\\u0435\"]}}]"
    }
  },
  {
    "model": "admin.logentry",
    "pk": 10,
    "fields": {
      "action_time": "2021-07-10T18:31:40.036",
      "user": 1,
      "content_type": 7,
      "object_id": "1",
      "object_repr": "Красный стул",
      "action_flag": 2,
      "change_message": "[{\"changed\": {\"fields\": [\"\\u041e\\u043f\\u0438\\u0441\\u0430\\u043d\\u0438\\u0435\"]}}]"
    }
  },
  {
    "model": "admin.logentry",
    "pk": 11,
    "fields": {
      "action_time": "2021-07-27T09:46:14.990",
      "user": 1,
      "content_type": 8,
      "object_id": "12",
      "object_repr": "id22780540",
      "action_flag": 3,
      "change_message": ""
    }
  },
  {
    "model": "admin.logentry",
    "pk": 12,
    "fields": {
      "action_time": "2021-07-27T09:48:32.572",
      "user": 1,
      "content_type": 13,
      "object_id": "2",
      "object_repr": "id22780540",
      "action_flag": 3,
      "change_message": ""
    }
  },
  {
    "model": "admin.logentry",
    "pk": 13,
    "fields": {
      "action_time": "2021-07-27T09:48:46.973",
      "user": 1,
      "content_type": 8,
      "object_id": "13",
      "object_repr": "id22780540",
      "action_flag": 3,
      "change_message": ""
    }
  },
  {
    "model": "admin.logentry",
    "pk": 14,
    "fields": {
      "action_time": "2021-07-27T10:02:42.008",
      "user": 1,
      "content_type": 8,
      "object_id": "14",
      "object_repr": "id22780540",
      "action_flag": 3,
      "change_message": ""
    }
  },
  {
    "model": "admin.logentry",
    "pk": 15,
    "fields": {
      "action_time": "2021-08-02T16:01:35.661",
      "user": 1,
      "content_type": 16,
      "object_id": "2",
      "object_repr": "Текущий заказ: 2",
      "action_flag": 2,
      "change_message": "[{\"changed\": {\"fields\": [\"\\u0421\\u0442\\u0430\\u0442\\u0443\\u0441\", \"\\u0410\\u043a\\u0442\\u0438\\u0432\\u0435\\u043d\"]}}]"
    }
  },
  {
    "model": "admin.logentry",
    "pk": 16,
    "fields": {
      "action_time": "2021-08-04T11:23:28.550",
      "user": 1,
      "content_type": 7,
      "object_id": "14",
      "object_repr": "Тумба",
      "action_flag": 2,
      "change_message": "[{\"changed\": {\"fields\": [\"\\u041a\\u0430\\u0442\\u0435\\u0433\\u043e\\u0440\\u0438\\u044f\", \"\\u041a\\u043e\\u043b\\u0438\\u0447\\u0435\\u0441\\u0442\\u0432\\u043e \\u0442\\u043e\\u0432\\u0430\\u0440\\u0430 \\u043d\\u0430 \\u0441\\u043a\\u043b\\u0430\\u0434\\u0435\", \"Is deleted\"]}}]"
    }
  },
  {
    "model": "admin.logentry",
    "pk": 17,
    "fields": {
      "action_time": "2021-08-04T11:46:27.750",
      "user": 1,
      "content_type": 7,
      "object_id": "15",
      "object_repr": "Тахта",
      "action_flag": 2,
      "change_message": "[{\"changed\": {\"fields\": [\"\\u041a\\u0430\\u0442\\u0435\\u0433\\u043e\\u0440\\u0438\\u044f\"]}}]"
    }
  },
  {
    "model": "admin.logentry",
    "pk": 18,
    "fields": {
      "action_time": "2021-08-04T12:01:51.431",
      "user": 1,
      "content_type": 7,
      "object_id": "13",
      "object_repr": "Стулище",
      "action_flag": 2,
      "change_message": "[{\"changed\": {\"fields\": [\"\\u041a\\u043e\\u043b\\u0438\\u0447\\u0435\\u0441\\u0442\\u0432\\u043e \\u0442\\u043e\\u0432\\u0430\\u0440\\u0430 \\u043d\\u0430 \\u0441\\u043a\\u043b\\u0430\\u0434\\u0435\"]}}]"
    }
  },
  {
    "model": "admin.logentry",
    "pk": 19,
    "fields": {
      "action_time": "2021-08-04T12:33:52.614",
      "user": 1,
      "content_type": 7,
      "object_id": "13",
      "object_repr": "Стулище",
      "action_flag": 2,
      "change_message": "[{\"changed\": {\"fields\": [\"\\u041a\\u043e\\u043b\\u0438\\u0447\\u0435\\u0441\\u0442\\u0432\\u043e \\u0442\\u043e\\u0432\\u0430\\u0440\\u0430 \\u043d\\u0430 \\u0441\\u043a\\u043b\\u0430\\u0434\\u0435\"]}}]"
    }
  },
  {
    "model": "admin.logentry",
    "pk": 20,
    "fields": {
      "action_time": "2021-08-04T12:36:25.024",
      "user": 1,
      "content_type": 7,
      "object_id": "13",
      "object_repr": "Стулище",
      "action_flag": 2,
      "change_message": "[{\"changed\": {\"fields\": [\"\\u041a\\u043e\\u043b\\u0438\\u0447\\u0435\\u0441\\u0442\\u0432\\u043e \\u0442\\u043e\\u0432\\u0430\\u0440\\u0430 \\u043d\\u0430 \\u0441\\u043a\\u043b\\u0430\\u0434\\u0435\"]}}]"
    }
  },
  {
    "model": "admin.logentry",
    "pk": 21,
    "fields": {
      "action_time": "2021-08-04T12:45:03.989",
      "user": 1,
      "content_type": 7,
      "object_id": "13",
      "object_repr": "Стулище",
      "action_flag": 2,
      "change_message": "[{\"changed\": {\"fields\": [\"\\u041a\\u043e\\u043b\\u0438\\u0447\\u0435\\u0441\\u0442\\u0432\\u043e \\u0442\\u043e\\u0432\\u0430\\u0440\\u0430 \\u043d\\u0430 \\u0441\\u043a\\u043b\\u0430\\u0434\\u0435\"]}}]"
    }
  },
  {
    "model": "admin.logentry",
    "pk": 22,
    "fields": {
      "action_time": "2021-08-04T13:09:30.905",
      "user": 1,
      "content_type": 7,
      "object_id": "13",
      "object_repr": "Стулище",
      "action_flag": 2,
      "change_message": "[{\"changed\": {\"fields\": [\"\\u041a\\u043e\\u043b\\u0438\\u0447\\u0435\\u0441\\u0442\\u0432\\u043e \\u0442\\u043e\\u0432\\u0430\\u0440\\u0430 \\u043d\\u0430 \\u0441\\u043a\\u043b\\u0430\\u0434\\u0435\"]}}]"
    }
  },
  {
    "model": "admin.logentry",
    "pk": 23,
    "fields": {
      "action_time": "2021-08-04T13:13:55.522",
      "user": 1,
      "content_type": 7,
      "object_id": "13",
      "object_repr": "Стулище",
      "action_flag": 2,
      "change_message": "[{\"changed\": {\"fields\": [\"\\u041a\\u043e\\u043b\\u0438\\u0447\\u0435\\u0441\\u0442\\u0432\\u043e \\u0442\\u043e\\u0432\\u0430\\u0440\\u0430 \\u043d\\u0430 \\u0441\\u043a\\u043b\\u0430\\u0434\\u0435\"]}}]"
    }
  },
  {
    "model": "admin.logentry",
    "pk": 24,
    "fields": {
      "action_time": "2021-08-04T13:14:44.639",
      "user": 1,
      "content_type": 7,
      "object_id": "13",
      "object_repr": "Стулище",
      "action_flag": 2,
      "change_message": "[{\"changed\": {\"fields\": [\"\\u041a\\u043e\\u043b\\u0438\\u0447\\u0435\\u0441\\u0442\\u0432\\u043e \\u0442\\u043e\\u0432\\u0430\\u0440\\u0430 \\u043d\\u0430 \\u0441\\u043a\\u043b\\u0430\\u0434\\u0435\"]}}]"
    }
  },
  {
    "model": "admin.logentry",
    "pk": 25,
    "fields": {
      "action_time": "2021-08-19T07:24:03.313",
      "user": 1,
      "content_type": 8,
      "object_id": "16",
      "object_repr": "id22780540",
      "action_flag": 3,
      "change_message": ""
    }
  },
  {
    "model": "admin.logentry",
    "pk": 26,
    "fields": {
      "action_time": "2021-08-19T07:24:03.407",
      "user": 1,
      "content_type": 8,
      "object_id": "11",
      "object_repr": "morozov1982",
      "action_flag": 3,
      "change_message": ""
    }
  },
  {
    "model": "admin.logentry",
    "pk": 27,
    "fields": {
      "action_time": "2021-08-19T07:24:03.484",
      "user": 1,
      "content_type": 8,
      "object_id": "10",
      "object_repr": "mailtrapuser",
      "action_flag": 3,
      "change_message": ""
    }
  },
  {
    "model": "admin.logentry",
    "pk": 28,
    "fields": {
      "action_time": "2021-08-19T07:24:03.562",
      "user": 1,
      "content_type": 8,
      "object_id": "9",
      "object_repr": "bubbleboy3",
      "action_flag": 3,
      "change_message": ""
    }
  },
  {
    "model": "admin.logentry",
    "pk": 29,
    "fields": {
      "action_time": "2021-08-19T07:24:03.750",
      "user": 1,
      "content_type": 8,
      "object_id": "8",
      "object_repr": "bubbleboy2",
      "action_flag": 3,
      "change_message": ""
    }
  },
  {
    "model": "admin.logentry",
    "pk": 30,
    "fields": {
      "action_time": "2021-08-19T07:24:03.951",
      "user": 1,
      "content_type": 8,
      "object_id": "7",
      "object_repr": "bubbleboy",
      "action_flag": 3,
      "change_message": ""
    }
  },
  {
    "model": "admin.logentry",
    "pk": 31,
    "fields": {
      "action_time": "2021-08-19T07:24:04.128",
      "user": 1,
      "content_type": 8,
      "object_id": "6",
      "object_repr": "djadmingo2",
      "action_flag": 3,
      "change_message": ""
    }
  },
  {
    "model": "admin.logentry",
    "pk": 32,
    "fields": {
      "action_time": "2021-08-19T07:24:04.300",
      "user": 1,
      "content_type": 8,
      "object_id": "5",
      "object_repr": "djadmingo",
      "action_flag": 3,
      "change_message": ""
    }
  },
  {
    "model": "admin.logentry",
    "pk": 33,
    "fields": {
      "action_time": "2021-08-19T07:24:04.396",
      "user": 1,
      "content_type": 8,
      "object_id": "4",
      "object_repr": "Бобёр2",
      "action_flag": 3,
      "change_message": ""
    }
  },
  {
    "model": "admin.logentry",
    "pk": 34,
    "fields": {
      "action_time": "2021-08-19T07:24:04.510",
      "user": 1,
      "content_type": 8,
      "object_id": "3",
      "object_repr": "django23",
      "action_flag": 3,
      "change_message": ""
    }
  },
  {
    "model": "admin.logentry",
    "pk": 35,
    "fields": {
      "action_time": "2021-08-19T07:24:04.619",
      "user": 1,
      "content_type": 8,
      "object_id": "2",
      "object_repr": "django",
      "action_flag": 3,
      "change_message": ""
    }
  },
  {
    "model": "mainapp.productcategory",
    "pk": 1,
    "fields": {
      "name": "Стулья",
      "description": "Это супер стулья",
      "created_at": "2021-07-06T14:34:43.859",
      "updated_at": "2021-07-06T14:34:43.859",
      "is_deleted": false
    }
  },
  {
    "model": "mainapp.productcategory",
    "pk": 2,
    "fields": {
      "name": "Дом",
      "description": "",
      "created_at": "2021-07-06T14:34:43.989",
      "updated_at": "2021-07-06T14:34:43.989",
      "is_deleted": false
    }
  },
  {
    "model": "mainapp.productcategory",
    "pk": 3,
    "fields": {
      "name": "Офис",
      "description": "",
      "created_at": "2021-07-06T14:34:44.074",
      "updated_at": "2021-07-06T14:34:44.074",
      "is_deleted": false
    }
  },
  {
    "model": "mainapp.productcategory",
    "pk": 4,
    "fields": {
      "name": "Модерн",
      "description": "",
      "created_at": "2021-07-06T14:34:44.156",
      "updated_at": "2021-07-06T14:34:44.157",
      "is_deleted": false
    }
  },
  {
    "model": "mainapp.productcategory",
    "pk": 5,
    "fields": {
      "name": "Классика",
      "description": "",
      "created_at": "2021-07-06T14:34:44.234",
      "updated_at": "2021-07-06T14:34:44.234",
      "is_deleted": false
    }
  },
  {
    "model": "mainapp.productcategory",
    "pk": 6,
    "fields": {
      "name": "Диваны",
      "description": "Мягкие диванчики",
      "created_at": "2021-07-14T21:21:19.929",
      "updated_at": "2021-08-16T14:39:04.228",
      "is_deleted": true
    }
  },
  {
    "model": "mainapp.productcategory",
    "pk": 7,
    "fields": {
      "name": "Проверямба",
      "description": "",
      "created_at": "2021-07-20T17:17:56.033",
      "updated_at": "2021-07-20T17:20:19.866",
      "is_deleted": true
    }
  },
  {
    "model": "mainapp.productcategory",
    "pk": 8,
    "fields": {
      "name": "Проверямба2",
      "description": "С описанием проверямбя",
      "created_at": "2021-07-20T17:20:03.418",
      "updated_at": "2021-07-20T17:20:23.980",
      "is_deleted": true
    }
  },
  {
    "model": "mainapp.product",
    "pk": 1,
    "fields": {
      "category": 3,
      "name": "Красный стул",
      "image": "product_images/product-4.jpg",
      "short_desc": "Красивый стул",
      "description": "Расположитесь комфортно.\r\n\r\nОтличное качество материалов позволит вам это.\r\n\r\nРазличные цвета.\r\n\r\nвысочайший уровень эргономики и прочность.",
      "price": "2300.00",
      "quantity": 14,
      "created_at": "2021-07-06T14:34:44.357",
      "updated_at": "2021-08-12T10:49:09.986",
      "is_deleted": false
    }
  },
  {
    "model": "mainapp.product",
    "pk": 2,
    "fields": {
      "category": 3,
      "name": "Лампа сфера",
      "image": "product_images/product-1_WG61ocJ.jpg",
      "short_desc": "Нежный ламповый свет",
      "description": "",
      "price": "4600.00",
      "quantity": 29,
      "created_at": "2021-07-06T14:34:44.463",
      "updated_at": "2021-08-03T14:16:52.989",
      "is_deleted": false
    }
  },
  {
    "model": "mainapp.product",
    "pk": 3,
    "fields": {
      "category": 5,
      "name": "Кресло из белой кожи",
      "image": "product_images/product-21.jpg",
      "short_desc": "Уникальный дизайн",
      "description": "",
      "price": "14500.00",
      "quantity": 20,
      "created_at": "2021-07-06T14:34:44.643",
      "updated_at": "2021-07-06T14:34:44.643",
      "is_deleted": false
    }
  },
  {
    "model": "mainapp.product",
    "pk": 4,
    "fields": {
      "category": 3,
      "name": "Отличный стул",
      "image": "product_images/slider1_mKCJkAj.jpg",
      "short_desc": "Горячее предложение",
      "description": "Расположитесь комфортно. Отличное качество материалов позволит вам это.\r\n\r\nРазличные цвета высочайший уровень эргономики и прочность.",
      "price": "2585.90",
      "quantity": 17,
      "created_at": "2021-07-06T14:34:44.729",
      "updated_at": "2021-08-12T10:37:06.021",
      "is_deleted": false
    }
  },
  {
    "model": "mainapp.product",
    "pk": 5,
    "fields": {
      "category": 4,
      "name": "Лампа висеть сверху",
      "image": "product_images/product-11.jpg",
      "short_desc": "Визит на заглядение",
      "description": "",
      "price": "2611.00",
      "quantity": 25,
      "created_at": "2021-07-06T14:34:44.842",
      "updated_at": "2021-08-12T11:20:15.223",
      "is_deleted": false
    }
  },
  {
    "model": "mainapp.product",
    "pk": 6,
    "fields": {
      "category": 2,
      "name": "Лампа стоять",
      "image": "product_images/product-31.jpg",
      "short_desc": "Надёжно стоит на столе",
      "description": "",
      "price": "2561.00",
      "quantity": 12,
      "created_at": "2021-07-06T14:34:44.941",
      "updated_at": "2021-07-29T16:55:07.368",
      "is_deleted": false
    }
  },
  {
    "model": "mainapp.product",
    "pk": 7,
    "fields": {
      "category": 3,
      "name": "Синий стул",
      "image": "product_images/product-4.jpg",
      "short_desc": "Красивый стул",
      "description": "",
      "price": "4300.00",
      "quantity": 11,
      "created_at": "2021-07-06T14:34:45.069",
      "updated_at": "2021-07-29T16:55:07.173",
      "is_deleted": false
    }
  },
  {
    "model": "mainapp.product",
    "pk": 8,
    "fields": {
      "category": 5,
      "name": "Лампа сфера 2.0",
      "image": "product_images/product-1_WG61ocJ.jpg",
      "short_desc": "Нежный ламповый свет",
      "description": "",
      "price": "14500.00",
      "quantity": 23,
      "created_at": "2021-07-06T14:34:45.173",
      "updated_at": "2021-08-09T12:11:07.896",
      "is_deleted": false
    }
  },
  {
    "model": "mainapp.product",
    "pk": 9,
    "fields": {
      "category": 4,
      "name": "Кресло из белой кожи крокодила",
      "image": "product_images/product-21.jpg",
      "short_desc": "Уникальный дизайн",
      "description": "",
      "price": "34500.00",
      "quantity": 20,
      "created_at": "2021-07-06T14:34:45.303",
      "updated_at": "2021-07-06T14:34:45.303",
      "is_deleted": false
    }
  },
  {
    "model": "mainapp.product",
    "pk": 10,
    "fields": {
      "category": 3,
      "name": "Отличный стул 2",
      "image": "product_images/slider1.jpg",
      "short_desc": "Горячее предложение",
      "description": "Расположитесь комфортно. Отличное качество материалов позволит вам это.\r\n\r\nРазличные цвета высочайший уровень эргономики и прочность.",
      "price": "2585.90",
      "quantity": 20,
      "created_at": "2021-07-06T14:34:45.385",
      "updated_at": "2021-08-09T12:12:35.127",
      "is_deleted": false
    }
  },
  {
    "model": "mainapp.product",
    "pk": 11,
    "fields": {
      "category": 4,
      "name": "Лампа висеть сверху 5.3",
      "image": "product_images/product-11.jpg",
      "short_desc": "Визит на заглядение",
      "description": "",
      "price": "3265.00",
      "quantity": 13,
      "created_at": "2021-07-06T14:34:45.463",
      "updated_at": "2021-07-06T14:34:45.463",
      "is_deleted": false
    }
  },
  {
    "model": "mainapp.product",
    "pk": 12,
    "fields": {
      "category": 4,
      "name": "Кресло из белой кожи носорога",
      "image": "product_images/product-21_c1oNyHI.jpg",
      "short_desc": "Надёжно стоит на полу",
      "description": "",
      "price": "24500.00",
      "quantity": 8,
      "created_at": "2021-07-06T14:34:45.542",
      "updated_at": "2021-07-10T18:28:36.504",
      "is_deleted": false
    }
  },
  {
    "model": "mainapp.product",
    "pk": 13,
    "fields": {
      "category": 1,
      "name": "Стулище",
      "image": "product_images/product-2_5u6EfxE.jpg",
      "short_desc": "Сидеть можно долго",
      "description": "Сидя на стулище, забываешь обо всём. Просто улетаешь.",
      "price": "18000.00",
      "quantity": 5,
      "created_at": "2021-07-18T21:39:29.653",
      "updated_at": "2021-08-05T15:08:04.938",
      "is_deleted": false
    }
  },
  {
    "model": "mainapp.product",
    "pk": 14,
    "fields": {
      "category": 3,
      "name": "Тумба",
      "image": "",
      "short_desc": "Уникальный дизайн",
      "description": "",
      "price": "5000.00",
      "quantity": 0,
      "created_at": "2021-07-20T20:52:31.443",
      "updated_at": "2021-08-04T11:23:28.543",
      "is_deleted": false
    }
  },
  {
    "model": "mainapp.product",
    "pk": 15,
    "fields": {
      "category": 3,
      "name": "Тахта",
      "image": "",
      "short_desc": "Сидеть можно долго",
      "description": "",
      "price": "2000.00",
      "quantity": 3,
      "created_at": "2021-07-20T21:06:20.458",
      "updated_at": "2021-08-04T11:46:27.743",
      "is_deleted": true
    }
  },
  {
    "model": "mainapp.product",
    "pk": 16,
    "fields": {
      "category": 6,
      "name": "Диванбус",
      "image": "product_images/django_postgres_logo.png",
      "short_desc": "Дикий ниванбус",
      "description": "Прям ващпе хороший диванбус.",
      "price": "20050.00",
      "quantity": 3,
      "created_at": "2021-08-16T14:36:21.479",
      "updated_at": "2021-08-16T14:36:21.479",
      "is_deleted": true
    }
  },
  {
    "model": "authapp.shopuser",
    "pk": 1,
    "fields": {
      "password": "pbkdf2_sha256$260000$gUlP5J7BLkwDYlwZ1fNwEy$LReDSoV2MNOFbPxyuPl7gQ5uE9WVBxf/YZLZs5iqZ2I=",
      "last_login": "2021-08-19T07:32:35.897",
      "is_superuser": true,
      "username": "admin",
      "first_name": "AD",
      "last_name": "",
      "email": "admin@geecshop.local",
      "is_staff": true,
      "is_active": true,
      "date_joined": "2021-07-06T14:34:45.622",
      "avatar": "users_avatars/P7169089.JPG",
      "age": 30,
      "is_deleted": false,
      "activation_key": "",
      "activation_key_expires": "2021-07-23T10:44:00.512",
      "groups": [],
      "user_permissions": []
    }
  },
  {
    "model": "authapp.shopuserprofile",
    "pk": 1,
    "fields": {
      "user": 1,
      "tag_line": "",
      "about_me": "",
      "gender": ""
    }
  },
  {
    "model": "ordersapp.order",
    "pk": 1,
    "fields": {
      "user": 1,
      "created": "2021-07-29T15:44:58.388",
      "updated": "2021-08-05T23:44:10.569",
      "status": "FM",
      "is_active": true
    }
  },
  {
    "model": "ordersapp.order",
    "pk": 2,
    "fields": {
      "user": 1,
      "created": "2021-07-29T15:49:52.245",
      "updated": "2021-08-02T16:01:35.648",
      "status": "STP",
      "is_active": true
    }
  },
  {
    "model": "ordersapp.order",
    "pk": 3,
    "fields": {
      "user": 1,
      "created": "2021-08-02T13:34:47.020",
      "updated": "2021-08-02T17:20:25.439",
      "status": "STP",
      "is_active": true
    }
  },
  {
    "model": "ordersapp.order",
    "pk": 4,
    "fields": {
      "user": 1,
      "created": "2021-08-03T14:07:51.225",
      "updated": "2021-08-03T14:16:53.260",
      "status": "FM",
      "is_active": false
    }
  },
  {
    "model": "ordersapp.order",
    "pk": 5,
    "fields": {
      "user": 1,
      "created": "2021-08-04T12:28:35.163",
      "updated": "2021-08-04T12:31:37.031",
      "status": "FM",
      "is_active": false
    }
  },
  {
    "model": "ordersapp.order",
    "pk": 6,
    "fields": {
      "user": 1,
      "created": "2021-08-12T10:23:23.846",
      "updated": "2021-08-12T10:23:23.846",
      "status": "FM",
      "is_active": true
    }
  },
  {
    "model": "ordersapp.order",
    "pk": 7,
    "fields": {
      "user": 1,
      "created": "2021-08-12T10:25:43.408",
      "updated": "2021-08-12T10:49:10.872",
      "status": "FM",
      "is_active": false
    }
  },
  {
    "model": "ordersapp.order",
    "pk": 8,
    "fields": {
      "user": 1,
      "created": "2021-08-12T11:02:56.056",
      "updated": "2021-08-12T11:03:00.950",
      "status": "FM",
      "is_active": false
    }
  },
  {
    "model": "ordersapp.orderitem",
    "pk": 2,
    "fields": {
      "order": 1,
      "product": 7,
      "quantity": 1
    }
  },
  {
    "model": "ordersapp.orderitem",
    "pk": 3,
    "fields": {
      "order": 1,
      "product": 10,
      "quantity": 3
    }
  },
  {
    "model": "ordersapp.orderitem",
    "pk": 4,
    "fields": {
      "order": 1,
      "product": 6,
      "quantity": 4
    }
  },
  {
    "model": "ordersapp.orderitem",
    "pk": 5,
    "fields": {
      "order": 2,
      "product": 13,
      "quantity": 2
    }
  },
  {
    "model": "ordersapp.orderitem",
    "pk": 6,
    "fields": {
      "order": 2,
      "product": 7,
      "quantity": 1
    }
  },
  {
    "model": "ordersapp.orderitem",
    "pk": 7,
    "fields": {
      "order": 2,
      "product": 10,
      "quantity": 3
    }
  },
  {
    "model": "ordersapp.orderitem",
    "pk": 8,
    "fields": {
      "order": 2,
      "product": 6,
      "quantity": 4
    }
  },
  {
    "model": "ordersapp.orderitem",
    "pk": 9,
    "fields": {
      "order": 3,
      "product": 1,
      "quantity": 2
    }
  },
  {
    "model": "ordersapp.orderitem",
    "pk": 10,
    "fields": {
      "order": 1,
      "product": 2,
      "quantity": 5
    }
  },
  {
    "model": "ordersapp.orderitem",
    "pk": 12,
    "fields": {
      "order": 4,
      "product": 2,
      "quantity": 2
    }
  },
  {
    "model": "ordersapp.orderitem",
    "pk": 13,
    "fields": {
      "order": 4,
      "product": 10,
      "quantity": 1
    }
  },
  {
    "model": "ordersapp.orderitem",
    "pk": 14,
    "fields": {
      "order": 4,
      "product": 5,
      "quantity": 1
    }
  },
  {
    "model": "ordersapp.orderitem",
    "pk": 15,
    "fields": {
      "order": 5,
      "product": 13,
      "quantity": 1
    }
  },
  {
    "model": "ordersapp.orderitem",
    "pk": 16,
    "fields": {
      "order": 1,
      "product": 4,
      "quantity": 1
    }
  },
  {
    "model": "ordersapp.orderitem",
    "pk": 17,
    "fields": {
      "order": 1,
      "product": 10,
      "quantity": 2
    }
  },
  {
    "model": "ordersapp.orderitem",
    "pk": 18,
    "fields": {
      "order": 6,
      "product": 5,
      "quantity": 1
    }
  },
  {
    "model": "ordersapp.orderitem",
    "pk": 19,
    "fields": {
      "order": 6,
      "product": 5,
      "quantity": 1
    }
  },
  {
    "model": "ordersapp.orderitem",
    "pk": 20,
    "fields": {
      "order": 6,
      "product": 1,
      "quantity": 1
    }
  },
  {
    "model": "ordersapp.orderitem",
    "pk": 21,
    "fields": {
      "order": 7,
      "product": 5,
      "quantity": 1
    }
  },
  {
    "model": "ordersapp.orderitem",
    "pk": 22,
    "fields": {
      "order": 7,
      "product": 5,
      "quantity": 1
    }
  },
  {
    "model": "ordersapp.orderitem",
    "pk": 23,
    "fields": {
      "order": 7,
      "product": 1,
      "quantity": 1
    }
  }
]